{"cameraMode":{"drawMode":0,"name":"Shaded","section":"Shading Mode"},"sceneLighting":true,"audioPlay":false,"sceneViewState":{"showFog":true,"showMaterialUpdate":true,"showSkybox":true,"showFlares":true,"showImageEffects":true,"showParticleSystems":true},"in2DMode":false,"pivot":{"x":13.9200439453125,"y":6.416555404663086,"z":-129.7483367919922},"rotation":{"x":-0.048313308507204059,"y":0.9494593739509583,"z":-0.18290182948112489,"w":-0.2507374882698059},"size":51.2406120300293,"orthographic":false}